<?xml version="1.0" encoding="UTF-8"?>
<beans xmlns="http://www.springframework.org/schema/beans"
       xmlns:context="http://www.springframework.org/schema/context"
       xmlns:mvc="http://www.springframework.org/schema/mvc" xmlns:xsi="http://www.w3.org/2001/XMLSchema-instance"
       xmlns:aop="http://www.springframework.org/schema/aop" xmlns:tx="http://www.springframework.org/schema/tx"
       xmlns:p="http://www.springframework.org/schema/p" xmlns:util="http://www.springframework.org/schema/util"
       xmlns:jdbc="http://www.springframework.org/schema/jdbc" xmlns:cache="http://www.springframework.org/schema/cache"
       xsi:schemaLocation="
    http://www.springframework.org/schema/context
    http://www.springframework.org/schema/context/spring-context.xsd
    http://www.springframework.org/schema/beans
    http://www.springframework.org/schema/beans/spring-beans.xsd
    http://www.springframework.org/schema/tx
    http://www.springframework.org/schema/tx/spring-tx.xsd
    http://www.springframework.org/schema/jdbc
    http://www.springframework.org/schema/jdbc/spring-jdbc-3.1.xsd
    http://www.springframework.org/schema/cache
    http://www.springframework.org/schema/cache/spring-cache-3.1.xsd
    http://www.springframework.org/schema/aop
    http://www.springframework.org/schema/aop/spring-aop.xsd
    http://www.springframework.org/schema/mvc
    http://www.springframework.org/schema/mvc/spring-mvc.xsd
    http://www.springframework.org/schema/util
    http://www.springframework.org/schema/util/spring-util.xsd">

    <!--读取配置文件-->
    <context:property-placeholder location="classpath:mail.properties"
                                  ignore-unresolvable="true"></context:property-placeholder>

    <!-- 配置一个简单邮件对象 -->
    <bean id="simpleMailMessage" class="org.springframework.mail.SimpleMailMessage">
        <property name="from" value="${mail.from}"></property>
    </bean>

    <!-- 邮件的发送对象 -->
    <bean id="javaMailSenderImpl" class="org.springframework.mail.javamail.JavaMailSenderImpl">
        <property name="username" value="${mail.username}"/>
        <property name="password" value="${mail.password}"/>
        <property name="host" value="${mail.host}"/>
        <property name="defaultEncoding" value="${mail.encode}"/>
        <!-- 邮件发送相关信息 -->
        <property name="javaMailProperties">
            <props>
                <prop key="mail.smtp.auth">${mail.smtp.auth}
                </prop>
                <prop key="mail.smtp.timeout">${mail.smtp.timeout}</prop>
            </props>
        </property>
    </bean>

</beans>

